customer_id,customer_name,email,registration_date,customer_type
1,Michael Watkins,ystuart@example.com,2022-04-15,VIP
2,Samuel Bauer,martinezjustin@example.net,2024-11-25,VIP
3,Darren Harrington,loripatel@example.net,2023-04-27,VIP
4,William Roberts,reyeswendy@example.net,2026-06-26,REGULAR
5,Paul Fitzpatrick,jodyholden@example.org,2023-11-09,VIP
6,Cheryl Robertson,roystone@example.org,2025-03-26,PREMIUM
7,Daniel Manning,alexanderbrandt@example.net,2022-01-20,PREMIUM
8,Mrs. Jennifer Simpson DDS,gregorybruce@example.com,2024-03-10,VIP
9,Brenda Nichols,frazierwilliam@example.org,2023-01-27,PREMIUM
10,Robert Mcknight,rogerpacheco@example.com,2024-07-30,VIP
11,Caroline Garrett,wilcoxdavid@example.com,2022-05-01,PREMIUM
12,Christopher Martin,brian53@example.org,2022-01-13,REGULAR
13,Jonathon Harris,jason57@example.com,2023-12-21,VIP
14,Richard Holland,todd80@example.net,2025-04-26,REGULAR
15,Benjamin Smith,jennifer81@example.org,2024-04-01,REGULAR
16,Shannon Snyder,shannon63@example.com,2023-03-16,PREMIUM
17,Cody Brown,kellerjared@example.com,2022-09-05,REGULAR
18,Brenda Fisher,gonzalezpriscilla@example.com,2024-11-28,VIP
19,Bethany Harrison,reginald84@example.com,2022-01-25,REGULAR
20,Mitchell Burton Jr.,nancybrown@example.net,2023-11-11,VIP
21,Justin Cooper,rodgersamy@example.org,2023-12-01,VIP
22,Maria Randall,dominiquebarton@example.org,2023-08-27,VIP
23,Mr. Perry Miller,ryan21@example.com,2025-08-10,PREMIUM
24,Andrew Carrillo,craigwilson@example.org,2026-05-23,VIP
25,Steven York,qwright@example.org,2021-09-15,VIP
26,Bryan Davis,susan01@example.net,2025-11-14,PREMIUM
27,Jessica Lane,williamsluis@example.net,2022-12-18,VIP
28,Dennis Zuniga,lauracunningham@example.net,2025-05-21,VIP
29,Tiffany Clark,crystal79@example.com,2023-11-07,REGULAR
30,James Duarte,markrichards@example.net,2022-12-26,PREMIUM
31,Patrick Johnson,kcastillo@example.org,2023-02-12,PREMIUM
32,Brandon Mcgee,robertanderson@example.com,2023-11-21,PREMIUM
33,Jason Robinson,creyes@example.net,2025-02-26,VIP
34,Chloe Neal,jameshill@example.com,2025-10-31,REGULAR
35,Julia Miller,christopherjohnson@example.net,2022-05-28,PREMIUM
36,Richard Wright,hortonstacey@example.net,2025-10-06,VIP
37,Lisa Camacho,adiaz@example.net,2022-11-14,PREMIUM
38,Jacqueline Moran,badams@example.org,2023-04-28,PREMIUM
39,Tamara Marquez,maria62@example.org,2025-06-14,REGULAR
40,Michelle Martin,hurleyjeffery@example.com,2023-08-14,PREMIUM
41,Nathan Larson,robinsonjames@example.com,2026-06-04,PREMIUM
42,Katie Raymond,wendyschmidt@example.net,2024-12-14,PREMIUM
43,Peter Mcdonald,mgomez@example.com,2025-03-18,PREMIUM
44,Mrs. Ann Davis DDS,ibush@example.org,2025-03-21,PREMIUM
45,Megan Zhang,qavila@,2023-05-09,VIP
46,Kevin Knox,hodgesmegan@example.net,2021-08-26,VIP
47,Madison Walter,elucero@example.com,2022-07-29,VIP
48,Eddie Patel,barnesjessica@example.com,2025-07-19,VIP
49,Kenneth Singleton,michaela26@example.org,2025-08-03,PREMIUM
50,Lisa Wright,timothy33@example.org,2024-04-17,PREMIUM
51,Cathy Park,selena48@example.net,2024-08-26,VIP
52,Dana Gibbs,samantha93@example.net,2024-01-20,PREMIUM
53,Jacqueline Kim,garrett25@example.com,2026-01-10,VIP
54,Laura Castillo,woodsmelissa@example.net,2025-04-17,VIP
55,Christy Ochoa,gmonroe@example.net,2021-09-18,PREMIUM
56,Stacy Harrison,lwhite@example.com,2022-05-31,VIP
57,John Parker,shannon94@example.net,2023-03-23,PREMIUM
58,Frederick Glass,nsummers@example.org,2024-01-18,REGULAR
59,Michelle Bullock,teresa50@example.net,2024-08-20,VIP
60,Robert Wright,robertkemp@example.com,2024-01-01,PREMIUM
61,Richard Owens,cameron65@example.org,2023-05-28,VIP
62,Angel Mosley,igonzalez@example.net,2022-07-21,REGULAR
63,Teresa Sanders,iking@example.com,2023-12-16,PREMIUM
64,Katrina Sparks,roachrichard@example.com,2024-03-02,REGULAR
65,Elizabeth Kramer,kadams@example.org,2024-04-12,REGULAR
66,Leslie Armstrong,april23@example.org,2024-03-06,REGULAR
67,Tina Villarreal,mayjohn@example.com,2023-02-21,REGULAR
68,Matthew Frazier,gbrown@example.com,2023-09-15,PREMIUM
69,Scott Chaney,flynncassandra@example.com,2022-07-03,VIP
70,Brandon Cook,umartin@example.org,2025-08-06,REGULAR
71,Evan Hartman,alisha48@example.com,2021-07-21,VIP
72,Geoffrey Dean,brittanyhines@example.org,2022-03-26,REGULAR
73,Lauren Wagner,icollier@example.com,2026-03-17,PREMIUM
74,Henry Kelly,kevin83@example.com,2025-12-05,VIP
75,Tammy Carey,nicolejones@example.net,2024-10-28,VIP
76,Alexander Moore,laurenknox@example.net,2025-10-12,PREMIUM
77,Bruce Anderson,dustinwright@example.com,2021-09-17,VIP
78,Jared Miller,tinakidd@example.com,2025-12-11,VIP
79,Caitlyn Mcpherson,ianbaldwin@example.com,2025-06-18,REGULAR
80,Justin Thomas,thomasdavis@example.org,2023-01-05,VIP
81,Christopher Knight,scollins@example.org,2025-07-29,VIP
82,Jason Bonilla,sara12@example.net,2021-11-16,VIP
83,Julie Melton,freystephanie@example.net,2025-03-18,VIP
84,Robert Wang,wellsstephen@example.com,2025-04-08,VIP
85,Misty Ward,zacharywalker@example.org,2023-01-18,REGULAR
86,Cindy Price,jmitchell@example.org,2025-11-10,REGULAR
87,Jennifer Scott,ychoi@example.org,2021-11-15,PREMIUM
88,Kathryn Montes,alejandro34@example.net,2023-09-11,PREMIUM
89,Joseph Hernandez,qlloyd@example.com,2023-10-12,VIP
90,Jason Bradford,ledwards@example.com,2024-08-09,PREMIUM
91,Frances Garrett,carterbradley@example.org,2021-07-19,VIP
92,Karen Hamilton,rogersjack@example.com,2024-07-09,REGULAR
93,Troy Bell,brittanyglass@example.org,2022-10-12,REGULAR
94,Becky Garcia,oellis@example.net,2024-10-21,REGULAR
95,Scott Edwards,robert29@example.com,2026-03-15,REGULAR
96,Angela Ortiz,vsmith@example.org,2022-08-10,REGULAR
97,Dennis Ruiz,claudiadominguez@example.org,2022-11-12,PREMIUM
98,Michael Bailey,jennifer56@example.com,2023-08-11,REGULAR
99,Nicholas Miller,candicebrown@example.com,2021-09-11,PREMIUM
100,Ronald Oliver,mcintoshwilliam@example.com,2023-04-16,PREMIUM
101,Jeffrey Price,wellison@example.net,2022-12-21,VIP
102,Brittany Shepard,joannesaunders@example.net,2025-10-27,VIP
103,Kathy Reed,jleon@example.net,2022-01-17,VIP
104,Jason Zhang,egonzalez@example.org,2024-01-11,PREMIUM
105,Jaime Robles,moorerachael@example.org,2023-12-22,PREMIUM
106,Taylor Yates,brownbrian@example.org,2025-04-13,REGULAR
107,Brian Robbins,jacobcantu@example.org,2022-09-01,PREMIUM
108,Danielle Mcdaniel,chudson@example.org,2026-01-08,PREMIUM
109,Todd Moore,grogers@example.org,2026-06-02,REGULAR
110,Kim Harrington,michael91@example.net,2022-05-28,VIP
111,Susan Gonzalez,warnerholly@example.net,2025-07-07,PREMIUM
112,John Lee,ysmith@example.com,2023-10-21,REGULAR
113,Michael Austin,bswanson@example.com,2022-10-10,PREMIUM
114,Leonard Watson,liricardo@example.org,2022-10-05,PREMIUM
115,Andrew Lara,nelsonmichelle@example.com,2023-02-27,VIP
116,Diane Owens DDS,hbarrera@example.com,2022-03-31,REGULAR
117,Erika Riddle,robertgibson@example.org,2023-02-20,PREMIUM
118,Debra Drake,cohenwayne@example.net,2022-07-05,REGULAR
119,Teresa Fernandez,michelle56@example.org,2023-04-13,VIP
120,Angela Hill,peter69@example.net,2024-07-18,VIP
121,Jamie Butler,robin53@example.org,2026-03-16,REGULAR
122,Pamela Diaz,laura12@example.net,2026-04-25,REGULAR
123,Laura Collier,david39@example.net,2026-03-02,PREMIUM
124,Karen Horn,ernest10@example.org,2026-06-06,PREMIUM
125,Debra Cooper,angela28@example.net,2026-05-23,VIP
126,Vincent Padilla,fnormanexample.net,2023-03-28,VIP
127,Jessica White,jaybarnes@example.org,2026-02-05,PREMIUM
128,Jonathan Davis,zacharyarmstrong@example.com,2024-07-23,REGULAR
129,Megan Byrd,martineznicholas@example.net,2023-03-24,PREMIUM
130,Sheila Tucker,esmith@example.org,2026-01-29,REGULAR
131,Kristy Wolf,richardsondaniel@example.com,2023-12-31,VIP
132,Patricia Soto,piercejohn@example.net,2023-02-16,PREMIUM
133,Steven Adams,cookmark@example.com,2022-09-04,REGULAR
134,Kevin Bryan,hreeves@example.com,2022-01-14,REGULAR
135,Stephanie Burnett,banderson@example.com,2025-04-08,VIP
136,James Ruiz,joseph02@example.net,2023-04-03,PREMIUM
137,Tammy Long,kingkelly@example.com,2023-11-28,VIP
138,Melanie Mays,petersonrobert@example.com,2024-05-21,VIP
139,Christine Mcgee,lynn82@example.com,2025-03-16,REGULAR
140,Gregory Russell,kristine69@example.org,2026-07-10,REGULAR
141,Kimberly Smith,john63@example.org,2023-05-01,REGULAR
142,James Campbell,tonyawilliams@example.org,2022-04-09,PREMIUM
143,Kelly Winters,raytrevor@example.net,2025-11-28,PREMIUM
144,David Thompson,mendezmichael@example.net,2024-06-14,VIP
145,Jillian Manning,charles89@example.com,2022-03-31,VIP
146,Scott Spence,mmurray@example.org,2025-03-31,REGULAR
147,Maria Lopez,lisa32@example.net,2024-05-07,REGULAR
148,Christopher Anderson,gcurry@example.com,2025-02-24,PREMIUM
149,Danielle Garner,robinfowler@example.com,2024-08-11,PREMIUM
150,Jamie Ochoa,amber69@example.com,2023-11-03,VIP
151,Emily Holmes,javierallen@example.com,2026-06-03,PREMIUM
152,Michelle Hill,brandonwilliams@example.net,2023-05-07,REGULAR
153,Teresa Hawkins,marymedina@example.com,2023-12-30,VIP
154,Kenneth Roy,robertsruth@example.com,2022-02-19,VIP
155,Matthew Summers,dmedina@example.org,2022-11-02,REGULAR
156,Luis Kim,jason70@example.org,2022-03-18,REGULAR
157,Edward Watson,peterhumphrey@example.com,2025-10-30,REGULAR
158,Juan Peters,zacharymcdonald@example.org,2023-04-22,VIP
159,Bonnie Harrison,michaeldickerson@example.com,2021-07-23,REGULAR
160,Emily Williams,christinecrawford@example.net,2022-04-14,VIP
161,Bruce Gonzales,jackson68@example.org,2025-06-06,REGULAR
162,Jose Long,fortiz@example.com,2025-01-21,PREMIUM
163,Lisa Hodge,danielsutton@example.com,2023-03-13,VIP
164,Luis Walsh,vmitchell@example.com,2022-04-20,REGULAR
165,Lauren Ward,krystalbray@example.net,2024-09-06,PREMIUM
166,David Washington,ashley63@example.com,2023-07-09,REGULAR
167,Alicia Hunt,bradleydavidson@example.com,2022-04-17,VIP
168,Amy Wang,morgangonzalez@example.org,2025-07-14,VIP
169,Michael Chen,weisscarrie@example.org,2024-02-06,REGULAR
170,Rhonda Sanders,ebowers@example.com,2024-05-29,REGULAR
171,Kenneth Gilbert,yherrera@example.org,2026-03-24,REGULAR
172,Chelsea Pennington,veronicaday@example.net,2026-04-11,VIP
173,Andrea Martin,scottgabriel@example.org,2025-11-11,PREMIUM
174,Clayton Nguyen,nguyenmckenzie@example.com,2024-07-28,REGULAR
175,Claire Graham,smithryan@example.net,2022-06-22,VIP
176,Jeffrey Olson,mark64@example.com,2026-04-11,PREMIUM
177,Drew Crawford,angela97@example.com,2024-04-05,VIP
178,Caroline Schwartz,mullenkristen@example.net,2022-04-02,VIP
179,Michael Meadows,fnunez@example.com,2024-08-26,REGULAR
180,Nicholas Griffith,scline@example.com,2021-11-29,REGULAR
181,Charles Tran,gsmith@example.org,2021-12-27,VIP
182,Kelsey Simmons,roberthayes@example.org,2023-03-21,VIP
183,Melissa Gonzalez,swansonaustin@example.org,2025-05-21,REGULAR
184,Kaitlyn Wells,troy65@example.net,2023-05-08,REGULAR
185,Anthony Humphrey,howardchristopher@example.org,2025-07-19,VIP
186,Susan Velez,dprice@example.net,2022-07-31,VIP
187,Katelyn Wise,ifox@example.net,2023-06-12,PREMIUM
188,Scott Baker,sandranelson@example.org,2025-06-20,VIP
189,Monica Ware,uwashington@example.com,2021-09-14,VIP
190,Joy Williams,moorejohn@example.net,2023-12-14,REGULAR
191,Edward Phillips,bcummings@example.com,2021-10-29,PREMIUM
192,Corey Perry,natashamoore@example.net,2024-12-04,REGULAR
193,Justin Peters,thomas11@example.org,2025-02-03,REGULAR
194,Chelsea Warren,ymoore@example.net,2022-04-29,VIP
195,Vickie Cook,morajeffery@example.org,2022-12-21,PREMIUM
196,Ms. Denise Rogers,clarkebenjamin@example.com,2025-08-16,VIP
197,Jeffrey Shaw,mark54@example.org,2023-01-08,PREMIUM
198,Donald Wright,tgarcia@example.org,2025-02-14,PREMIUM
199,Tony Taylor,ulogan@example.net,2024-10-19,PREMIUM
200,Jennifer Garza,sharon44@example.org,2023-03-17,VIP
201,Barbara Williams,joelscott@example.net,2021-08-14,PREMIUM
202,Devon Schultz,maria61@example.net,2026-01-03,REGULAR
203,Ronald Frost,lnash@,2022-12-19,VIP
204,Sarah Clark,nicolesmith@example.net,2025-09-10,PREMIUM
205,Ashley Brown,hyoung@example.net,2022-03-30,REGULAR
206,Justin Daniels,ashleyschultz@,2023-08-25,PREMIUM
207,Melissa Johnson,williamsonricardo@example.org,2022-06-14,REGULAR
208,Christopher Chen,brendasanchez@example.net,2022-01-16,REGULAR
209,Erin Bowman,boothjonathan@example.net,2021-09-10,PREMIUM
210,Marilyn Bennett,bryce19@example.org,2024-07-23,VIP
211,Amanda Shepherd,jack76@example.org,2026-05-21,REGULAR
212,Connie Harrison,benjamin29@example.net,2021-11-12,PREMIUM
213,Elizabeth Burke,josephobrien@example.org,2024-08-24,PREMIUM
214,Kayla Ramos,foleydonna@example.net,2025-12-30,PREMIUM
215,Cindy Barber,robert98@example.net,2022-07-15,VIP
216,Mark Downs,iwilliams@example.com,2026-06-16,REGULAR
217,Michael Collins,carolynlester@example.com,2023-10-03,VIP
218,Kendra Mills,deannabullock@example.net,2022-02-20,VIP
219,Amanda Nelson,warnermargaret@example.com,2023-06-08,REGULAR
220,Jose Kerr,nicholas50@example.net,2022-11-24,PREMIUM
221,Mary Carpenter,jacobhammond@example.com,2026-06-06,VIP
222,Pamela Rose,nsmith@example.com,2024-01-15,REGULAR
223,Anthony Perry,tperry@example.org,2021-10-24,VIP
224,Laura Potter,pellis@example.org,2022-10-21,VIP
225,Wayne Miller,cranehenry@example.net,2025-10-26,VIP
226,Christopher Franklin,kclark@example.org,2025-07-10,REGULAR
227,Nicholas Singleton,vegacharles@example.com,2026-06-24,PREMIUM
228,Mason Jacobs,austin34@example.net,2024-11-29,VIP
229,Clifford Smith,anthony65@example.com,2023-10-29,REGULAR
230,Claire Garza,amanda75@example.com,2024-09-06,REGULAR
231,Robert Nelson,justinwagner@example.net,2022-12-21,VIP
232,Michael Guzman,shannonthomas@example.org,2021-12-01,REGULAR
233,Matthew Vazquez,evansstephanieexample.com,2021-09-06,PREMIUM
234,Francis Caldwell,brandi33@example.org,2026-05-18,REGULAR
235,Mr. David Levine,deborahgutierrez@example.net,2023-11-06,PREMIUM
236,James Charles,osanchez@example.net,2026-05-07,VIP
237,Adriana Miller,manderson@example.net,2023-01-11,REGULAR
238,Edwin Mcclain,joseph15@example.com,2022-11-20,PREMIUM
239,Thomas Ramirez,obyrd@example.org,2025-04-11,REGULAR
240,Gregory Hinton,ajohnson@example.com,2024-07-02,PREMIUM
241,Timothy Sims,mmcclure@example.net,2026-07-13,VIP
242,Shannon Garcia,jcrawford@example.org,2025-10-10,PREMIUM
243,Sheri Campbell,lewisanneexample.org,2023-05-18,REGULAR
244,Thomas Casey,ewingbailey@example.org,2021-11-20,REGULAR
245,Rebecca Pierce,friedmanpamela@example.org,2022-09-04,PREMIUM
246,Philip Juarez,hayesalejandra@example.org,2024-11-06,VIP
247,Shane Walsh,tony74@example.com,2025-06-13,REGULAR
248,John Johnson,michael00example.org,2022-08-10,VIP
249,Richard Simmons,jessica08@example.com,2022-12-29,REGULAR
250,Tony Mooney,reyesjaime@example.com,2024-04-20,REGULAR
251,Sean Baker,yryan@example.net,2022-08-15,REGULAR
252,Harold Wyatt,urogers@example.net,2023-01-20,REGULAR
253,Ashley Smith,tlarsen@example.com,2025-06-29,VIP
254,Alison Garcia,jamesburton@example.com,2025-12-08,PREMIUM
255,Elijah Meyer,collierjohn@example.org,2024-08-31,VIP
256,Holly York,kyle81@example.net,2024-02-24,REGULAR
257,Ronald Pope,brandi75@example.net,2023-01-21,VIP
258,Kevin Mccormick,simspaul@example.net,2025-01-22,VIP
259,Tyler Anderson,dustin56@example.net,2022-02-27,VIP
260,Dana Leonard,perezlaura@example.com,2026-03-14,VIP
261,Howard Hoffman,carolyn67@example.com,2023-12-31,REGULAR
262,Bruce Smith,christineharvey@example.net,2024-12-31,PREMIUM
263,Allen Johnston,ericamendoza@example.org,2025-11-28,REGULAR
264,William Hobbs,sjones@example.org,2024-02-19,REGULAR
265,Emma Moses,barnold@example.com,2026-02-23,REGULAR
266,Jennifer Patterson,joanwilson@example.com,2023-09-04,REGULAR
267,Leslie Jones,bwebb@example.net,2023-07-10,VIP
268,Leslie Brown,pwoods@example.com,2023-11-21,REGULAR
269,Patrick Murillo,gutierrezkaren@example.com,2024-10-28,VIP
270,Todd Richards,garcialance@example.com,2023-01-11,REGULAR
271,Jason Bowen,lisaortiz@example.org,2022-08-30,REGULAR
272,Rebecca Esparza,jennifer19@example.net,2024-06-21,VIP
273,Robert West,ithompson@example.com,2025-04-26,REGULAR
274,Ryan Thomas,wanderson@example.com,2021-10-12,VIP
275,Gary Gonzalez,susannguyen@example.org,2024-05-29,REGULAR
276,Don Matthews,owade@example.org,2026-02-23,REGULAR
277,Richard Wilson,bakeramanda@example.com,2022-07-04,VIP
278,Jasmine Stark,cunninghamdennis@example.org,2023-06-12,PREMIUM
279,Heather Giles,richardskristina@example.org,2023-01-18,REGULAR
280,Mark Smith,james77@example.net,2022-10-27,PREMIUM
281,Gary Wells,ydavis@example.org,2024-06-12,REGULAR
282,Mackenzie Lin,bcollins@example.org,2024-03-01,PREMIUM
283,Carol Mccullough,garciajaime@example.org,2024-04-22,VIP
284,Nicholas Michael,evalencia@example.com,2022-09-28,PREMIUM
285,Melissa Leblanc,rebecca43@example.net,2024-05-12,VIP
286,Timothy Jones,martinezpeter@example.com,2024-08-20,VIP
287,Brian Stevens,hdiaz@example.org,2024-03-31,VIP
288,David Smith,randy71@example.com,2022-11-08,PREMIUM
289,Lisa Riddle,crystal77@example.org,2025-01-22,REGULAR
290,Sydney Bass,christy78@example.org,2025-07-27,REGULAR
291,Kathy Novak,andrew17@example.net,2022-09-10,REGULAR
292,Jeffrey Morales,hromero@example.com,2022-07-14,REGULAR
293,Theresa Leonard,daniel76@example.com,2021-10-08,PREMIUM
294,Jeremy Hall,loricarr@example.com,2022-06-08,PREMIUM
295,Nicholas Hunt,william83@example.com,2024-03-03,REGULAR
296,Matthew Garza,williedavis@example.org,2023-02-11,REGULAR
297,Marvin Smith,amber83@example.net,2022-05-11,PREMIUM
298,Sherry Acosta,kendramorgan@example.net,2022-03-07,REGULAR
299,Angela Sanders,medinatroy@example.com,2024-05-14,PREMIUM
300,Jacob Kane,bankslaura@example.org,2026-03-31,PREMIUM
301,Kathleen Massey,hernandezmike@example.org,2023-04-05,PREMIUM
302,Paula Lowery,christy49@example.com,2024-05-20,PREMIUM
303,Harry Ramsey,stanley67@example.net,2024-12-07,VIP
304,Michael Porter,bonniethompson@example.com,2024-12-17,VIP
305,Juan Baker,ibryan@example.org,2023-09-07,VIP
306,Jennifer Vaughan,lisarivera@example.org,2022-08-14,PREMIUM
307,Rebecca Morales,robertcampbell@example.com,2025-12-09,REGULAR
308,Susan King,kharvey@example.com,2023-12-20,REGULAR
309,Brian Ward,aliciapittman@example.com,2024-12-11,PREMIUM
310,Madison Smith,jeffreywalton@example.com,2024-04-04,PREMIUM
311,Karen Cooper,epayne@example.net,2021-11-29,PREMIUM
312,Maria Hart,williamwatson@example.org,2024-10-28,VIP
313,Anna Floyd,mercadojack@example.com,2023-05-19,PREMIUM
314,Jennifer Allen,barrypreston@example.org,2022-07-03,REGULAR
315,Vincent Waters,swalker@example.com,2024-05-15,REGULAR
316,Carolyn Riddle,corey00@example.com,2024-11-11,PREMIUM
317,Jaime George,troy01@example.com,2021-08-29,REGULAR
318,Christine Crawford,hendersonmason@example.org,2022-08-28,PREMIUM
319,Robert Murray,iphillips@example.org,2025-06-05,PREMIUM
320,Andre Hernandez,kochjames@example.com,2026-04-21,REGULAR
321,Tina Johnson,romerodorothy@example.net,2023-06-08,VIP
322,Michael Huerta,acastillo@example.org,2023-07-16,VIP
323,Heather Pacheco,gregory44example.org,2022-11-07,REGULAR
324,Jennifer Pope,ybauer@example.net,2025-03-21,VIP
325,Patrick Mullen,icompton@example.org,2021-10-10,REGULAR
326,Pamela Williams,juanmccarty@example.net,2024-11-07,PREMIUM
327,Miguel Price,andersonkenneth@example.org,2024-07-25,REGULAR
328,Paul Hays,camachokristen@example.net,2025-11-30,VIP
329,Melissa Fisher,dennis93@example.com,2022-03-31,VIP
330,Alan Solis,kroberts@example.com,2026-03-16,REGULAR
331,Michael Gould,lucasjacqueline@example.org,2024-05-12,VIP
332,Mr. Lawrence Hernandez MD,williamcordova@example.com,2025-10-10,VIP
333,Megan Moore,vmatthews@example.net,2024-10-18,PREMIUM
334,Barbara Ashley,mrogers@example.com,2022-02-23,REGULAR
335,Samantha Taylor,walshmelissa@example.com,2022-01-09,REGULAR
336,Miranda Krueger MD,rsampson@example.net,2025-12-09,PREMIUM
337,Kenneth Bell,connor94@example.net,2026-06-24,PREMIUM
338,Kathleen Lee,rodney81@example.net,2022-06-10,VIP
339,Whitney Herrera,maynardvictoria@example.org,2024-10-27,VIP
340,Susan Bryan,bradykaitlyn@example.org,2025-10-15,PREMIUM
341,Michele Campbell,frank19@example.net,2024-12-13,VIP
342,Jennifer Little,saundersjoshua@example.com,2023-05-13,PREMIUM
343,Crystal Jackson,audreyvincent@example.net,2023-04-01,VIP
344,Candice Moore,uandersen@example.net,2025-06-20,VIP
345,Theresa Ortega,ojohnson@example.net,2026-03-28,PREMIUM
346,Tina Mckee,ucook@example.com,2025-06-18,REGULAR
347,Phillip Clarke,jimmy85@example.net,2023-11-24,VIP
348,Shawn Coffey,carlgarner@example.net,2025-03-04,VIP
349,Paula Walker,leahbryan@example.org,2021-11-03,REGULAR
350,Katie Park,bmyers@example.com,2025-06-18,REGULAR
351,William Jefferson,bradley94@example.org,2023-11-16,PREMIUM
352,Sheri Newman,emilygarcia@example.org,2021-09-02,REGULAR
353,Nathaniel Snyder,aprilpeck@example.org,2022-07-04,VIP
354,Jessica Newman,vanessajohnson@example.net,2024-05-14,PREMIUM
355,Edwin Mitchell,james77@example.com,2026-01-23,VIP
356,Jeffrey Mccormick,qscott@example.net,2024-06-08,PREMIUM
357,Jennifer Johnson,xramirez@example.com,2022-07-27,REGULAR
358,Charles George,wbrown@example.com,2022-08-08,VIP
359,Donna Williams,michaelsmith@example.org,2025-04-02,VIP
360,Kimberly Barton,andrea70@example.org,2022-11-12,REGULAR
361,Patricia Smith,wisesandra@example.org,2024-01-19,VIP
362,Jeremy Christensen,anne24@example.org,2024-08-28,REGULAR
363,Edward Fuentes,rdaugherty@,2024-04-27,PREMIUM
364,Joshua Roberts,bwilliams@example.net,2023-07-16,VIP
365,Brenda Howell,bryanross@example.net,2021-09-08,REGULAR
366,Ricky Shepherd,ylucas@example.org,2025-03-13,VIP
367,Sarah Ortiz,hballard@example.com,2023-09-17,VIP
368,Tasha Mann,pamela75@example.com,2025-05-01,REGULAR
369,Jermaine Boyer,maureengibson@example.com,2024-01-26,VIP
370,Claudia Larson,kennethcharles@example.com,2023-01-13,REGULAR
371,Christine Kramer,qknox@example.com,2025-06-29,REGULAR
372,John Edwards,jason44@example.com,2022-06-24,VIP
373,Kristin Davis,sean50@example.net,2023-02-21,VIP
374,Larry Smith,anthony84@example.org,2025-04-23,REGULAR
375,Emily Dixon,levynicole@example.net,2025-11-16,VIP
376,Virginia Farrell,matthewreynolds@example.org,2021-09-11,VIP
377,Dawn Vazquez,wayne64@example.org,2021-09-22,VIP
378,Mr. Eric Roberts,williamsgary@example.net,2023-09-30,PREMIUM
379,Mark Davis,wendy95@example.org,2025-02-17,REGULAR
380,Michael Jones,crystaltaylor@example.org,2023-04-15,PREMIUM
381,Kayla Molina,seth33@example.org,2024-12-16,REGULAR
382,Michael Avila,ninabuck@example.org,2024-07-09,REGULAR
383,Mandy Holland,williamwood@example.org,2026-05-07,VIP
384,Shelly Thompson,bryanfrancis@example.com,2024-08-01,PREMIUM
385,Benjamin Valdez,bbennett@example.net,2025-11-22,VIP
386,Toni Garza,davidsnyder@example.net,2022-01-01,REGULAR
387,Christopher Rodriguez,greenmolly@example.net,2024-05-07,REGULAR
388,Thomas Love,nicholas96@example.org,2021-07-28,REGULAR
389,Robert George,sydneystevens@example.com,2023-10-14,REGULAR
390,Richard Ellison,hernandezchristopher@example.net,2024-10-20,PREMIUM
391,Brian Bates,cmcdonald@example.com,2023-01-21,REGULAR
392,Martha Fox,kristin71@example.org,2025-01-08,PREMIUM
393,Jason Murphy,dominique22@example.net,2024-09-14,PREMIUM
394,Kyle Fuentes,chavezbarbara@example.net,2024-12-17,PREMIUM
395,Robert Harris,lawsonsonya@example.org,2025-04-24,PREMIUM
396,John Castillo,waltonjulie@example.com,2023-05-01,REGULAR
397,Courtney Leonard,paul66@example.org,2021-11-20,PREMIUM
398,Luis Reese,steven90@example.net,2022-12-23,PREMIUM
399,Russell Maddox,nevans@example.org,2026-04-10,VIP
400,Eddie Glover,klewis@example.net,2026-06-04,VIP
401,James Cobb,michaelnancy@example.com,2025-03-23,PREMIUM
402,Jamie Morris,matthewwalls@example.org,2022-12-16,PREMIUM
403,Logan Turner,morgan97@example.net,2021-07-24,VIP
404,David Welch,saundersdaniel@example.net,2021-09-26,REGULAR
405,Karina Arias,aaron12@example.net,2024-06-21,PREMIUM
406,Linda Little,daniel83@example.net,2024-06-21,PREMIUM
407,Dan Jennings,david92@example.net,2024-05-01,PREMIUM
408,Kevin Edwards,john88@example.org,2026-02-09,VIP
409,Walter Serrano,carterluis@example.com,2023-10-23,REGULAR
410,Richard Bryant,bakerchristopher@example.org,2023-04-03,PREMIUM
411,Cheryl Cruz,marie47@example.org,2022-08-20,PREMIUM
412,James Allen,karen52@example.org,2023-04-28,VIP
413,Rebecca Copeland,anthony61@example.net,2023-03-28,VIP
414,Cheryl Yates,samantha44@example.com,2022-10-26,REGULAR
415,Dean Garcia,logan14@example.net,2022-05-08,VIP
416,Mrs. Brooke Hancock,samantha89@example.org,2025-04-19,VIP
417,Anthony Levine,brendancruz@example.org,2022-03-07,REGULAR
418,Nancy Myers,kevin48@example.org,2024-01-16,REGULAR
419,Stephen Waters,mariagutierrez@example.net,2023-09-23,REGULAR
420,Mr. Joseph Ashley,wesley37@example.com,2023-04-28,REGULAR
421,Leslie Mclaughlin,millerjoseph@example.com,2022-02-20,PREMIUM
422,Laura Farrell,alisoncannon@example.org,2024-01-02,REGULAR
423,William Andrews,clarknatasha@example.com,2024-04-09,REGULAR
424,James Snow,stevenskendra@example.org,2025-12-16,PREMIUM
425,Timothy Carpenter,martincharles@example.net,2023-11-07,VIP
426,Madison Anderson,cassandra74@example.com,2023-11-18,VIP
427,Michael Ruiz,merritttimothy@example.com,2026-04-16,VIP
428,Christopher Adams,kellybell@example.com,2025-04-02,PREMIUM
429,Ryan Crawford,colejeremy@example.org,2026-06-21,VIP
430,Dakota Walker,newmanmanuel@example.net,2022-10-23,VIP
431,Donna Charles,njohnson@example.com,2026-01-13,VIP
432,Kelly Horn,sallen@example.net,2026-02-08,VIP
433,Robert Kim,martinrachel@example.org,2023-07-17,REGULAR
434,Veronica Palmer,sandrabailey@example.com,2025-04-11,REGULAR
435,Scott French,kelly24@example.org,2021-07-27,PREMIUM
436,Joshua Johnson,rrobinson@example.net,2021-10-30,REGULAR
437,David Cunningham,lsanchez@example.org,2025-07-29,PREMIUM
438,James Mcdonald,gward@example.com,2025-12-16,PREMIUM
439,Anthony Zimmerman,elizabethowens@example.net,2024-09-15,PREMIUM
440,Michelle Glenn,alexandermichelle@example.org,2022-12-12,PREMIUM
441,Alexander Barker,fparker@example.net,2026-03-01,PREMIUM
442,Kimberly Sutton,stephanie28@example.com,2022-09-11,REGULAR
443,Mark Morris,mollyhampton@example.net,2025-07-11,REGULAR
444,Craig Martin III,qsnyder@example.org,2021-08-27,VIP
445,Kelli Jackson,kevinellis@example.net,2021-12-23,VIP
446,Robert Wall,lisa25@example.org,2022-07-27,VIP
447,Christine Molina,juliejohnson@example.com,2024-01-31,PREMIUM
448,Chase Sanchez,kathrynlambert@example.com,2021-11-06,VIP
449,Carlos Gibson,andrew87@example.net,2025-04-13,REGULAR
450,Tamara Stein,anthony33@example.org,2025-02-01,REGULAR
451,Gregory Meyers,karengreer@example.com,2022-06-27,REGULAR
452,Meagan Peterson,lcallahan@example.com,2022-05-14,VIP
453,Gabrielle Drake,taylorallison@,2021-12-06,PREMIUM
454,Robin Ballard,reevesrebecca@example.net,2025-02-12,VIP
455,Christine Hughes,ahaynes@example.com,2023-09-17,VIP
456,Judy Rivera,ysmith@example.net,2021-09-27,REGULAR
457,David Ford,harrisleslie@example.net,2024-02-26,REGULAR
458,Tanya King,wdavis@example.net,2025-11-30,VIP
459,Melissa Hayes,lindsey27@example.com,2025-06-26,PREMIUM
460,Peter Fields,frederickdudley@example.net,2026-02-06,REGULAR
461,Angela White,awood@example.net,2022-11-17,VIP
462,Randy Harris,gmedina@example.com,2023-12-04,VIP
463,Cindy Walker,davidpage@example.org,2022-05-22,REGULAR
464,Brittany Scott,angela21@example.net,2025-03-30,PREMIUM
465,Curtis Frank,barrymario@example.org,2025-10-01,REGULAR
466,Tyler Thompson,tonyrosario@example.net,2023-03-14,REGULAR
467,Lauren Fitzpatrick,eric21@example.com,2025-03-04,VIP
468,Mary Smith,salasjason@example.com,2026-03-31,VIP
469,Mandy Yang,xhughes@example.com,2021-10-03,REGULAR
470,John Gonzales,rebecca35@example.org,2021-08-20,VIP
471,Angela Mitchell,jennifer25@example.com,2022-07-28,REGULAR
472,Brian Lamb,alyssavalentine@example.net,2022-05-09,VIP
473,Andrea Bennett,clarksarah@example.net,2026-06-25,VIP
474,Robert Austin,davisabigail@example.net,2025-11-21,PREMIUM
475,Brian Weaver,washingtondaniel@example.com,2023-05-31,PREMIUM
476,Lisa Brown,dianehawkins@example.net,2022-08-10,VIP
477,Shawn Johnson,usalazar@example.com,2022-01-03,VIP
478,Brandon Howe,ytaylor@example.org,2025-08-29,PREMIUM
479,Jennifer Watson,ashleycoleman@example.org,2024-07-26,PREMIUM
480,Lori Parsons,jason75@example.org,2024-03-18,REGULAR
481,Wayne Oneill,dhawkins@example.com,2022-12-13,REGULAR
482,Shelley Haney,kylefleming@example.net,2026-03-13,REGULAR
483,Nicole Clayton,johnsonamber@example.com,2024-03-30,PREMIUM
484,Shari Brewer,suzanne76@example.com,2024-10-09,PREMIUM
485,Logan Johnson,anitajones@example.org,2025-02-13,REGULAR
486,Kevin Martin,floresmichelle@example.com,2021-07-22,REGULAR
487,Peggy Carroll,cassandramitchell@example.com,2024-04-04,REGULAR
488,Christine Walters,laurie94@example.com,2022-05-03,REGULAR
489,Dana Williams,brandonjones@example.com,2025-02-20,REGULAR
490,Stephen Perez,nicolebird@example.net,2025-05-16,PREMIUM
491,Kendra Nelson,mariagarcia@example.net,2022-09-07,REGULAR
492,Steven Gonzales,morrismarissa@example.com,2024-06-25,VIP
493,Veronica Estrada,williamcamacho@example.net,2024-09-10,PREMIUM
494,Jonathan Brown,kristihernandez@example.net,2023-01-06,PREMIUM
495,Cynthia Miranda,smithchris@example.org,2025-08-13,PREMIUM
496,Kyle Singh,wilsonryan@example.com,2025-09-12,VIP
497,Robert Green,ohebert@example.net,2025-08-24,REGULAR
498,Aaron Cabrera,christopherbutler@example.com,2022-04-25,REGULAR
499,Dr. Amanda Moore MD,sgarcia@example.org,2022-12-12,VIP
500,Daniel Thomas,vpadilla@example.com,2023-11-26,VIP
